{
  "dataset_info": {
    "total_player_records": 83480,
    "total_champions": 168,
    "generated_at": "2025-05-30T11:00:19.470257"
  },
  "top_champions": [
    {
      "champion_id": 236,
      "total_records": 525,
      "win_rate": 0.5238095238095238,
      "unique_items": 63,
      "items": [
        1001,
        1018,
        1028,
        1029,
        1033,
        1036,
        1037,
        1038,
        1042,
        1053,
        1055,
        1083,
        2003,
        2010,
        2019,
        2022,
        2031,
        2055,
        2421,
        2422,
        3006,
        3009,
        3026,
        3031,
        3033,
        3035,
        3036,
        3044,
        3047,
        3071,
        3072,
        3086,
        3094,
        3111,
        3123,
        3133,
        3134,
        3139,
        3140,
        3144,
        3155,
        3156,
        3158,
        3170,
        3171,
        3172,
        3173,
        3174,
        3179,
        3340,
        3363,
        3364,
        3508,
        3513,
        6670,
        6672,
        6673,
        6675,
        6676,
        6694,
        6695,
        6697,
        6699
      ]
    },
    {
      "champion_id": 80,
      "total_records": 419,
      "win_rate": 0.4964200477326969,
      "unique_items": 78,
      "items": [
        1001,
        1004,
        1011,
        1028,
        1029,
        1031,
        1033,
        1036,
        1037,
        1038,
        1042,
        1054,
        1055,
        1057,
        1101,
        1102,
        2003,
        2019,
        2020,
        2021,
        2022,
        2031,
        2055,
        2422,
        2502,
        3009,
        3013,
        3026,
        3035,
        3044,
        3047,
        3053,
        3065,
        3066,
        3067,
        3070,
        3071,
        3076,
        3082,
        3105,
        3109,
        3111,
        3123,
        3133,
        3134,
        3142,
        3143,
        3155,
        3156,
        3158,
        3161,
        3170,
        3171,
        3173,
        3174,
        3176,
        3179,
        3211,
        3340,
        3363,
        3364,
        3513,
        3814,
        3869,
        3871,
        3876,
        3877,
        4643,
        6333,
        6609,
        6610,
        6631,
        6665,
        6690,
        6692,
        6695,
        6697,
        6701
      ]
    },
    {
      "champion_id": 81,
      "total_records": 341,
      "win_rate": 0.4838709677419355,
      "unique_items": 51,
      "items": [
        1001,
        1011,
        1028,
        1029,
        1033,
        1036,
        1037,
        1038,
        1043,
        1053,
        1055,
        2003,
        2019,
        2021,
        2022,
        2031,
        2055,
        2422,
        3004,
        3026,
        3035,
        3042,
        3044,
        3047,
        3051,
        3057,
        3070,
        3072,
        3074,
        3078,
        3089,
        3108,
        3110,
        3111,
        3123,
        3133,
        3134,
        3140,
        3155,
        3156,
        3157,
        3158,
        3161,
        3171,
        3173,
        3179,
        3340,
        3363,
        3400,
        6694,
        6695
      ]
    },
    {
      "champion_id": 234,
      "total_records": 315,
      "win_rate": 0.5111111111111111,
      "unique_items": 59,
      "items": [
        1001,
        1011,
        1018,
        1028,
        1029,
        1033,
        1036,
        1037,
        1038,
        1054,
        1058,
        1101,
        1102,
        2003,
        2019,
        2021,
        2022,
        2031,
        2055,
        2422,
        3006,
        3026,
        3031,
        3032,
        3033,
        3035,
        3036,
        3044,
        3047,
        3053,
        3071,
        3078,
        3082,
        3091,
        3111,
        3123,
        3133,
        3134,
        3139,
        3143,
        3144,
        3153,
        3155,
        3156,
        3173,
        3174,
        3340,
        3363,
        3364,
        3513,
        3748,
        3814,
        6333,
        6610,
        6670,
        6672,
        6673,
        6676,
        6695
      ]
    },
    {
      "champion_id": 126,
      "total_records": 310,
      "win_rate": 0.5096774193548387,
      "unique_items": 62,
      "items": [
        1001,
        1028,
        1029,
        1033,
        1036,
        1037,
        1038,
        1054,
        1055,
        1083,
        2003,
        2010,
        2019,
        2021,
        2022,
        2031,
        2055,
        2140,
        2422,
        3004,
        3009,
        3013,
        3026,
        3033,
        3035,
        3036,
        3042,
        3044,
        3047,
        3067,
        3070,
        3071,
        3109,
        3111,
        3121,
        3123,
        3133,
        3134,
        3142,
        3143,
        3155,
        3156,
        3158,
        3161,
        3170,
        3171,
        3173,
        3174,
        3176,
        3179,
        3340,
        3363,
        3364,
        3814,
        6609,
        6676,
        6690,
        6692,
        6694,
        6695,
        6697,
        6701
      ]
    }
  ],
  "most_frequent_champion": {
    "champion_id": 236,
    "records": 525,
    "win_rate": 0.5238095238095238
  },